<?xml version="1.0" encoding="UTF-8"?>
<root>
  <item name="com.serenegiant.widget.AspectScaledTextureView int getScaleMode()">
    <annotation name="androidx.annotation.IntDef">
      <val name="value" val="{com.serenegiant.widget.IScaledView.SCALE_MODE_KEEP_ASPECT, com.serenegiant.widget.IScaledView.SCALE_MODE_STRETCH_TO_FIT, com.serenegiant.widget.IScaledView.SCALE_MODE_CROP}" />
    </annotation>
  </item>
  <item name="com.serenegiant.widget.AspectScaledTextureView mScaleMode">
    <annotation name="androidx.annotation.IntDef">
      <val name="value" val="{com.serenegiant.widget.IScaledView.SCALE_MODE_KEEP_ASPECT, com.serenegiant.widget.IScaledView.SCALE_MODE_STRETCH_TO_FIT, com.serenegiant.widget.IScaledView.SCALE_MODE_CROP}" />
    </annotation>
  </item>
  <item name="com.serenegiant.widget.AspectScaledTextureView void setScaleMode(int) 0">
    <annotation name="androidx.annotation.IntDef">
      <val name="value" val="{com.serenegiant.widget.IScaledView.SCALE_MODE_KEEP_ASPECT, com.serenegiant.widget.IScaledView.SCALE_MODE_STRETCH_TO_FIT, com.serenegiant.widget.IScaledView.SCALE_MODE_CROP}" />
    </annotation>
  </item>
  <item name="com.serenegiant.widget.FrameView int getFrameType()">
    <annotation name="androidx.annotation.IntDef">
      <val name="value" val="{com.serenegiant.widget.FrameView.FRAME_TYPE_NONE, com.serenegiant.widget.FrameView.FRAME_TYPE_FRAME, com.serenegiant.widget.FrameView.FRAME_TYPE_CROSS_FULL, com.serenegiant.widget.FrameView.FRAME_TYPE_CROSS_QUARTER, com.serenegiant.widget.FrameView.FRAME_TYPE_CIRCLE, com.serenegiant.widget.FrameView.FRAME_TYPE_CROSS_CIRCLE, com.serenegiant.widget.FrameView.FRAME_TYPE_CIRCLE_2, com.serenegiant.widget.FrameView.FRAME_TYPE_CROSS_CIRCLE2}" />
    </annotation>
  </item>
  <item name="com.serenegiant.widget.FrameView int getScaleType()">
    <annotation name="androidx.annotation.IntDef">
      <val name="value" val="{com.serenegiant.widget.FrameView.SCALE_TYPE_NONE, com.serenegiant.widget.FrameView.SCALE_TYPE_INCH, com.serenegiant.widget.FrameView.SCALE_TYPE_MM}" />
    </annotation>
  </item>
  <item name="com.serenegiant.widget.FrameView mFrameType">
    <annotation name="androidx.annotation.IntDef">
      <val name="value" val="{com.serenegiant.widget.FrameView.FRAME_TYPE_NONE, com.serenegiant.widget.FrameView.FRAME_TYPE_FRAME, com.serenegiant.widget.FrameView.FRAME_TYPE_CROSS_FULL, com.serenegiant.widget.FrameView.FRAME_TYPE_CROSS_QUARTER, com.serenegiant.widget.FrameView.FRAME_TYPE_CIRCLE, com.serenegiant.widget.FrameView.FRAME_TYPE_CROSS_CIRCLE, com.serenegiant.widget.FrameView.FRAME_TYPE_CIRCLE_2, com.serenegiant.widget.FrameView.FRAME_TYPE_CROSS_CIRCLE2}" />
    </annotation>
  </item>
  <item name="com.serenegiant.widget.FrameView mScaleType">
    <annotation name="androidx.annotation.IntDef">
      <val name="value" val="{com.serenegiant.widget.FrameView.SCALE_TYPE_NONE, com.serenegiant.widget.FrameView.SCALE_TYPE_INCH, com.serenegiant.widget.FrameView.SCALE_TYPE_MM}" />
    </annotation>
  </item>
  <item name="com.serenegiant.widget.FrameView void setFrameType(int) 0">
    <annotation name="androidx.annotation.IntDef">
      <val name="value" val="{com.serenegiant.widget.FrameView.FRAME_TYPE_NONE, com.serenegiant.widget.FrameView.FRAME_TYPE_FRAME, com.serenegiant.widget.FrameView.FRAME_TYPE_CROSS_FULL, com.serenegiant.widget.FrameView.FRAME_TYPE_CROSS_QUARTER, com.serenegiant.widget.FrameView.FRAME_TYPE_CIRCLE, com.serenegiant.widget.FrameView.FRAME_TYPE_CROSS_CIRCLE, com.serenegiant.widget.FrameView.FRAME_TYPE_CIRCLE_2, com.serenegiant.widget.FrameView.FRAME_TYPE_CROSS_CIRCLE2}" />
    </annotation>
  </item>
  <item name="com.serenegiant.widget.FrameView void setScaleType(int) 0">
    <annotation name="androidx.annotation.IntDef">
      <val name="value" val="{com.serenegiant.widget.FrameView.SCALE_TYPE_NONE, com.serenegiant.widget.FrameView.SCALE_TYPE_INCH, com.serenegiant.widget.FrameView.SCALE_TYPE_MM}" />
    </annotation>
  </item>
  <item name="com.serenegiant.widget.FrameView.FrameType">
    <annotation name="androidx.annotation.IntDef">
      <val name="value" val="{com.serenegiant.widget.FrameView.FRAME_TYPE_NONE, com.serenegiant.widget.FrameView.FRAME_TYPE_FRAME, com.serenegiant.widget.FrameView.FRAME_TYPE_CROSS_FULL, com.serenegiant.widget.FrameView.FRAME_TYPE_CROSS_QUARTER, com.serenegiant.widget.FrameView.FRAME_TYPE_CIRCLE, com.serenegiant.widget.FrameView.FRAME_TYPE_CROSS_CIRCLE, com.serenegiant.widget.FrameView.FRAME_TYPE_CIRCLE_2, com.serenegiant.widget.FrameView.FRAME_TYPE_CROSS_CIRCLE2}" />
    </annotation>
  </item>
  <item name="com.serenegiant.widget.FrameView.ScaleType">
    <annotation name="androidx.annotation.IntDef">
      <val name="value" val="{com.serenegiant.widget.FrameView.SCALE_TYPE_NONE, com.serenegiant.widget.FrameView.SCALE_TYPE_INCH, com.serenegiant.widget.FrameView.SCALE_TYPE_MM}" />
    </annotation>
  </item>
  <item name="com.serenegiant.widget.IScaledView int getScaleMode()">
    <annotation name="androidx.annotation.IntDef">
      <val name="value" val="{com.serenegiant.widget.IScaledView.SCALE_MODE_KEEP_ASPECT, com.serenegiant.widget.IScaledView.SCALE_MODE_STRETCH_TO_FIT, com.serenegiant.widget.IScaledView.SCALE_MODE_CROP}" />
    </annotation>
  </item>
  <item name="com.serenegiant.widget.IScaledView void setScaleMode(int) 0">
    <annotation name="androidx.annotation.IntDef">
      <val name="value" val="{com.serenegiant.widget.IScaledView.SCALE_MODE_KEEP_ASPECT, com.serenegiant.widget.IScaledView.SCALE_MODE_STRETCH_TO_FIT, com.serenegiant.widget.IScaledView.SCALE_MODE_CROP}" />
    </annotation>
  </item>
  <item name="com.serenegiant.widget.IScaledView.ScaleMode">
    <annotation name="androidx.annotation.IntDef">
      <val name="value" val="{com.serenegiant.widget.IScaledView.SCALE_MODE_KEEP_ASPECT, com.serenegiant.widget.IScaledView.SCALE_MODE_STRETCH_TO_FIT, com.serenegiant.widget.IScaledView.SCALE_MODE_CROP}" />
    </annotation>
  </item>
  <item name="com.serenegiant.widget.ZoomAspectScaledTextureView int getMirror()">
    <annotation name="androidx.annotation.IntDef">
      <val name="value" val="{com.serenegiant.glutils.IRendererCommon.MIRROR_NORMAL, com.serenegiant.glutils.IRendererCommon.MIRROR_HORIZONTAL, com.serenegiant.glutils.IRendererCommon.MIRROR_VERTICAL, com.serenegiant.glutils.IRendererCommon.MIRROR_BOTH}" />
    </annotation>
  </item>
  <item name="com.serenegiant.widget.ZoomAspectScaledTextureView mHandleTouchEvent">
    <annotation name="androidx.annotation.IntDef">
      <val name="value" val="{com.serenegiant.widget.ZoomAspectScaledTextureView.TOUCH_DISABLED, com.serenegiant.widget.ZoomAspectScaledTextureView.TOUCH_ENABLED_MOVE, com.serenegiant.widget.ZoomAspectScaledTextureView.TOUCH_ENABLED_ZOOM, com.serenegiant.widget.ZoomAspectScaledTextureView.TOUCH_ENABLED_ROTATE, com.serenegiant.widget.ZoomAspectScaledTextureView.TOUCH_ENABLED_ALL}" />
    </annotation>
  </item>
  <item name="com.serenegiant.widget.ZoomAspectScaledTextureView mMirrorMode">
    <annotation name="androidx.annotation.IntDef">
      <val name="value" val="{com.serenegiant.glutils.IRendererCommon.MIRROR_NORMAL, com.serenegiant.glutils.IRendererCommon.MIRROR_HORIZONTAL, com.serenegiant.glutils.IRendererCommon.MIRROR_VERTICAL, com.serenegiant.glutils.IRendererCommon.MIRROR_BOTH}" />
    </annotation>
  </item>
  <item name="com.serenegiant.widget.ZoomAspectScaledTextureView void setEnableHandleTouchEvent(int) 0">
    <annotation name="androidx.annotation.IntDef">
      <val name="value" val="{com.serenegiant.widget.ZoomAspectScaledTextureView.TOUCH_DISABLED, com.serenegiant.widget.ZoomAspectScaledTextureView.TOUCH_ENABLED_MOVE, com.serenegiant.widget.ZoomAspectScaledTextureView.TOUCH_ENABLED_ZOOM, com.serenegiant.widget.ZoomAspectScaledTextureView.TOUCH_ENABLED_ROTATE, com.serenegiant.widget.ZoomAspectScaledTextureView.TOUCH_ENABLED_ALL}" />
    </annotation>
  </item>
  <item name="com.serenegiant.widget.ZoomAspectScaledTextureView void setMirror(int) 0">
    <annotation name="androidx.annotation.IntDef">
      <val name="value" val="{com.serenegiant.glutils.IRendererCommon.MIRROR_NORMAL, com.serenegiant.glutils.IRendererCommon.MIRROR_HORIZONTAL, com.serenegiant.glutils.IRendererCommon.MIRROR_VERTICAL, com.serenegiant.glutils.IRendererCommon.MIRROR_BOTH}" />
    </annotation>
  </item>
  <item name="com.serenegiant.widget.ZoomAspectScaledTextureView.TouchMode">
    <annotation name="androidx.annotation.IntDef">
      <val name="value" val="{com.serenegiant.widget.ZoomAspectScaledTextureView.TOUCH_DISABLED, com.serenegiant.widget.ZoomAspectScaledTextureView.TOUCH_ENABLED_MOVE, com.serenegiant.widget.ZoomAspectScaledTextureView.TOUCH_ENABLED_ZOOM, com.serenegiant.widget.ZoomAspectScaledTextureView.TOUCH_ENABLED_ROTATE, com.serenegiant.widget.ZoomAspectScaledTextureView.TOUCH_ENABLED_ALL}" />
    </annotation>
  </item>
</root>

