<?xml version="1.0" encoding="UTF-8"?>
<root>
  <item name="com.serenegiant.notification.ChannelBuilder ChannelBuilder(android.content.Context, java.lang.String, java.lang.CharSequence, int) 3">
    <annotation name="androidx.annotation.IntDef">
      <val name="value" val="{android.app.NotificationManager.IMPORTANCE_UNSPECIFIED, android.app.NotificationManager.IMPORTANCE_NONE, android.app.NotificationManager.IMPORTANCE_MIN, android.app.NotificationManager.IMPORTANCE_LOW, android.app.NotificationManager.IMPORTANCE_DEFAULT, android.app.NotificationManager.IMPORTANCE_HIGH}" />
    </annotation>
  </item>
  <item name="com.serenegiant.notification.ChannelBuilder ChannelBuilder(android.content.Context, java.lang.String, java.lang.CharSequence, int, java.lang.String, java.lang.String) 3">
    <annotation name="androidx.annotation.IntDef">
      <val name="value" val="{android.app.NotificationManager.IMPORTANCE_UNSPECIFIED, android.app.NotificationManager.IMPORTANCE_NONE, android.app.NotificationManager.IMPORTANCE_MIN, android.app.NotificationManager.IMPORTANCE_LOW, android.app.NotificationManager.IMPORTANCE_DEFAULT, android.app.NotificationManager.IMPORTANCE_HIGH}" />
    </annotation>
  </item>
  <item name="com.serenegiant.notification.ChannelBuilder com.serenegiant.notification.ChannelBuilder setImportance(int) 0">
    <annotation name="androidx.annotation.IntDef">
      <val name="value" val="{android.app.NotificationManager.IMPORTANCE_UNSPECIFIED, android.app.NotificationManager.IMPORTANCE_NONE, android.app.NotificationManager.IMPORTANCE_MIN, android.app.NotificationManager.IMPORTANCE_LOW, android.app.NotificationManager.IMPORTANCE_DEFAULT, android.app.NotificationManager.IMPORTANCE_HIGH}" />
    </annotation>
  </item>
  <item name="com.serenegiant.notification.ChannelBuilder com.serenegiant.notification.ChannelBuilder setLockscreenVisibility(int) 0">
    <annotation name="androidx.annotation.IntDef">
      <val name="value" val="{android.app.Notification.VISIBILITY_PUBLIC, android.app.Notification.VISIBILITY_PRIVATE, android.app.Notification.VISIBILITY_SECRET}" />
    </annotation>
  </item>
  <item name="com.serenegiant.notification.ChannelBuilder importance">
    <annotation name="androidx.annotation.IntDef">
      <val name="value" val="{android.app.NotificationManager.IMPORTANCE_UNSPECIFIED, android.app.NotificationManager.IMPORTANCE_NONE, android.app.NotificationManager.IMPORTANCE_MIN, android.app.NotificationManager.IMPORTANCE_LOW, android.app.NotificationManager.IMPORTANCE_DEFAULT, android.app.NotificationManager.IMPORTANCE_HIGH}" />
    </annotation>
  </item>
  <item name="com.serenegiant.notification.ChannelBuilder int getImportance()">
    <annotation name="androidx.annotation.IntDef">
      <val name="value" val="{android.app.NotificationManager.IMPORTANCE_UNSPECIFIED, android.app.NotificationManager.IMPORTANCE_NONE, android.app.NotificationManager.IMPORTANCE_MIN, android.app.NotificationManager.IMPORTANCE_LOW, android.app.NotificationManager.IMPORTANCE_DEFAULT, android.app.NotificationManager.IMPORTANCE_HIGH}" />
    </annotation>
  </item>
  <item name="com.serenegiant.notification.ChannelBuilder lockscreenVisibility">
    <annotation name="androidx.annotation.IntDef">
      <val name="value" val="{android.app.Notification.VISIBILITY_PUBLIC, android.app.Notification.VISIBILITY_PRIVATE, android.app.Notification.VISIBILITY_SECRET}" />
    </annotation>
  </item>
  <item name="com.serenegiant.notification.ChannelBuilder.Importance">
    <annotation name="androidx.annotation.IntDef">
      <val name="value" val="{android.app.NotificationManager.IMPORTANCE_UNSPECIFIED, android.app.NotificationManager.IMPORTANCE_NONE, android.app.NotificationManager.IMPORTANCE_MIN, android.app.NotificationManager.IMPORTANCE_LOW, android.app.NotificationManager.IMPORTANCE_DEFAULT, android.app.NotificationManager.IMPORTANCE_HIGH}" />
    </annotation>
  </item>
  <item name="com.serenegiant.notification.ChannelBuilder.NotificationVisibility">
    <annotation name="androidx.annotation.IntDef">
      <val name="value" val="{android.app.Notification.VISIBILITY_PUBLIC, android.app.Notification.VISIBILITY_PRIVATE, android.app.Notification.VISIBILITY_SECRET}" />
    </annotation>
  </item>
  <item name="com.serenegiant.notification.NotificationBuilder com.serenegiant.notification.NotificationBuilder setBadgeIconType(int) 0">
    <annotation name="androidx.annotation.IntDef">
      <val name="value" val="{androidx.core.app.NotificationCompat.BADGE_ICON_NONE, androidx.core.app.NotificationCompat.BADGE_ICON_SMALL, androidx.core.app.NotificationCompat.BADGE_ICON_LARGE}" />
    </annotation>
  </item>
  <item name="com.serenegiant.notification.NotificationBuilder com.serenegiant.notification.NotificationBuilder setImportance(int) 0">
    <annotation name="androidx.annotation.IntDef">
      <val name="value" val="{android.app.NotificationManager.IMPORTANCE_UNSPECIFIED, android.app.NotificationManager.IMPORTANCE_NONE, android.app.NotificationManager.IMPORTANCE_MIN, android.app.NotificationManager.IMPORTANCE_LOW, android.app.NotificationManager.IMPORTANCE_DEFAULT, android.app.NotificationManager.IMPORTANCE_HIGH}" />
    </annotation>
  </item>
  <item name="com.serenegiant.notification.NotificationBuilder com.serenegiant.notification.NotificationBuilder setLockscreenVisibility(int) 0">
    <annotation name="androidx.annotation.IntDef">
      <val name="value" val="{android.app.Notification.VISIBILITY_PUBLIC, android.app.Notification.VISIBILITY_PRIVATE, android.app.Notification.VISIBILITY_SECRET}" />
    </annotation>
  </item>
  <item name="com.serenegiant.notification.NotificationBuilder int getImportance()">
    <annotation name="androidx.annotation.IntDef">
      <val name="value" val="{android.app.NotificationManager.IMPORTANCE_UNSPECIFIED, android.app.NotificationManager.IMPORTANCE_NONE, android.app.NotificationManager.IMPORTANCE_MIN, android.app.NotificationManager.IMPORTANCE_LOW, android.app.NotificationManager.IMPORTANCE_DEFAULT, android.app.NotificationManager.IMPORTANCE_HIGH}" />
    </annotation>
  </item>
  <item name="com.serenegiant.notification.NotificationBuilder int getLockscreenVisibility()">
    <annotation name="androidx.annotation.IntDef">
      <val name="value" val="{android.app.Notification.VISIBILITY_PUBLIC, android.app.Notification.VISIBILITY_PRIVATE, android.app.Notification.VISIBILITY_SECRET}" />
    </annotation>
  </item>
  <item name="com.serenegiant.notification.NotificationBuilder.BadgeIconType">
    <annotation name="androidx.annotation.IntDef">
      <val name="value" val="{androidx.core.app.NotificationCompat.BADGE_ICON_NONE, androidx.core.app.NotificationCompat.BADGE_ICON_SMALL, androidx.core.app.NotificationCompat.BADGE_ICON_LARGE}" />
    </annotation>
  </item>
</root>

