<?xml version="1.0" encoding="UTF-8"?>
<root>
  <item name="com.serenegiant.preference.SubTitleListPreferenceV7 mSubTitleVisibility">
    <annotation name="androidx.annotation.IntDef">
      <val name="value" val="{android.view.View.VISIBLE, android.view.View.INVISIBLE, android.view.View.GONE}" />
    </annotation>
  </item>
  <item name="com.serenegiant.preference.SubTitleListPreferenceV7 void setSubTitleVisibility(int) 0">
    <annotation name="androidx.annotation.IntDef">
      <val name="value" val="{android.view.View.VISIBLE, android.view.View.INVISIBLE, android.view.View.GONE}" />
    </annotation>
  </item>
  <item name="com.serenegiant.preference.SubTitlePreferenceV7 mSubTitleVisibility">
    <annotation name="androidx.annotation.IntDef">
      <val name="value" val="{android.view.View.VISIBLE, android.view.View.INVISIBLE, android.view.View.GONE}" />
    </annotation>
  </item>
  <item name="com.serenegiant.preference.SubTitlePreferenceV7 void setSubTitleVisibility(int) 0">
    <annotation name="androidx.annotation.IntDef">
      <val name="value" val="{android.view.View.VISIBLE, android.view.View.INVISIBLE, android.view.View.GONE}" />
    </annotation>
  </item>
</root>

